KO||N:ms:mp
Kabyles|Kabyle|N+z1:mp:fp
Kabyle||N+z1:ms:fs
Kachoubes|Kachoube|N:mp:fp
Kachoube||N:ms:fs
Kampuchéennes|Kampuchéen|N:fp
Kampuchéenne|Kampuchéen|N:fs
Kampuchéens|Kampuchéen|N:mp
Kampuchéen||N:ms
Kanouris|Kanouri|N:mp:fp
Kanouri||N:ms:fs
Kazakhes|Kazakh|N:fp
Kazakhe|Kazakh|N:fs
Kazakhstan||N+Conc+Boisson+Vodka+z1:fs:fp
Kazakhs|Kazakh|N:mp
Kenyanes|Kenyan|N+z2:fp
Kenyane|Kenyan|N+z2:fs
Kenyans|Kenyan|N+z2:mp
Kenyan||N+z2:ms
Keo||N+Conc+Boisson+Bière+z1:fs:fp
Khasis|Khasi|N:mp:fp
Khasi||N:ms:fs
Khmères|Khmer|N+z1:fp
Khmère|Khmer|N+z1:fs
Khmers|Khmer|N+z1:mp
Khmer||N+z1:ms
Kiev||N+Conc+Boisson+Vodka+z1:fs:fp
Kikuyus|Kikuyu|N:mp:fp
Kikuyu||N:ms:fs
King's||N+Conc+Boisson+Bière+z1:fs
Kirghizes|Kirghiz|N:fp
Kirghize|Kirghiz|N:fs
Kirghiz||N:ms:mp
Kosovares|Kosovar|N+z2:fp
Kosovare|Kosovar|N+z2:fs
Kosovars|Kosovar|N+z2:mp
Kosovar||N+z2:ms
Kosovo||N+z2
Koweitiennes|Koweitien|N+z1:fp
Koweïtiennes|Koweïtien|N+z1:fp
Koweitienne|Koweitien|N+z1:fs
Koweïtienne|Koweïtien|N+z1:fs
Koweitiens|Koweitien|N+z1:mp
Koweïtiens|Koweïtien|N+z1:mp
Koweitien||N+z1:ms
Koweïtien||N+z1:ms
Kron||N+Conc+Boisson+Vodka+z1:fs:fp
Kurdes|Kurde|N+z1:mp:fp
Kurde||N+z1:ms:fs
K||N+Conc+Boisson+Bière+z1:fs
kabbales|kabbale|N+z1:fp
kabbale||N+z1:fs
kabbalistes|kabbaliste|A+z2:mp:fp
kabbalistes|kabbaliste|N+z2:mp:fp
kabbaliste||A+z2:ms:fs
kabbaliste||N+z2:ms:fs
kabbalistico||PFX+z2
kabbalistiques|kabbalistique|A+z1:mp:fp
kabbalistique||A+z1:ms:fs
kabukis|kabuki|N:mp
kabuki||N:ms
kaburés|kaburé|N:mp
kaburé||N:ms
kabyles|kabyle|A+z1:mp:fp
kabyle||A+z1:ms:fs
kabyle||N+z1:ms
kachas|kacha|N:fp
kacha||N:fs
kaches|kache|N:fp
kache||N:fs
kachkavals|kachkaval|N:mp
kachkaval||N:ms
kachoubes|kachoube|A:mp:fp
kachoube||A:ms:fs
kachoube||N:ms
kadis|kadi|N:mp
kadi||N:ms
kaempférols|kaempférol|N:mp
kaempférol||N:ms
kafkaïennes|kafkaïen|A+z1:fp
kafkaïenne|kafkaïen|A+z1:fs
kafkaïens|kafkaïen|A+z1:mp
kafkaïen||A+z1:ms
kagans|kagan|N:mp
kagan||N:ms
kagous|kagou|N:mp
kagou||N:ms
kainates|kainate|N:mp
kainate||N:ms
kaïnites|kaïnite|N:fp
kaïnite||N:fs
kaïnosites|kaïnosite|N:fp
kaïnosite||N:fs
kaiserines|kaiser|N+z2:fp
kaiserine|kaiser|N+z2:fs
kaisers|kaiser|N+z2:mp
kaiser||N+z2:ms
kakapos|kakapo|N:mp
kakapo||N:ms
kakatoès||N+z2:ms:mp
kakemonos|kakemono|N:mp
kakémonos|kakémono|N:mp
kakemono||N:ms
kakémono||N:ms
kakis|kaki|N+z2:mp
kaki||A+z2:ms:fs:mp:fp
kaki||N+z2:ms
kakortokites|kakortokite|N:fp
kakortokite||N:fs
kalachnikovs|kalachnikov|N+z1:mp:fp
kalachnikov||N+z1:ms:fs
kaléidoscopes|kaléidoscope|N+z1:mp
kaléidoscope||N+z1:ms
kaléidoscopiquement||ADV
kaléidoscopiques|kaléidoscopique|A+z2:mp:fp
kaléidoscopique||A+z2:ms:fs
kaliborites|kaliborite|N:fp
kaliborite||N:fs
kalicyties|kalicytie|N:fp
kalicytie||N:fs
kaliémies|kaliémie|N:fp
kaliémie||N:fs
kalijs|kalij|N:mp
kalij||N:ms
kaliopénies|kaliopénie|N:fp
kaliopénie||N:fs
kaliophilites|kaliophilite|N:fp
kaliophilite||N:fs
kalisme||N:ms
kalis|kali|N:mp
kalithérapies|kalithérapie|N:fp
kalithérapie||N:fs
kaliums|kalium|N:mp
kalium||N:ms
kaliurèses|kaliurèse|N:fp
kaliurèse||N:fs
kaliuries|kaliurie|N:fp
kaliurie||N:fs
kali||N:ms
kallicréines|kallicréine|N:fp
kallicréine||N:fs
kallicréinogènes|kallicréinogène|N:mp
kallicréinogène||N:ms
kallidines|kallidine|N:fp
kallidine||N:fs
kallidinogènes|kallidinogène|N:mp
kallidinogène||N:ms
kallikréines|kallikréine|N:fp
kallikréine||N:fs
kallimas|kallima|N:mp
kallima||N:ms
kalmoukes|kalmouk|A:fp
kalmouke|kalmouk|A:fs
kalmouks|kalmouk|A:mp
kalmouks|kalmouk|N:mp
kalmouk||A:ms
kalmouk||N:ms
kalongs|kalong|N:mp
kalong||N:ms
kamalas|kamala|N:mp
kamala||N:ms
kamichis|kamichi|N:mp
kamichi||N:ms
kamikazes|kamikaze|N+z1:mp:fp
kamikaze||N+z1:ms:fs
kamis|kami|N:mp
kami||N:ms
kammerérites|kammerérite|N:fp
kammerérite||N:fs
kammerspiel||N:ms
kamptozoaires|kamptozoaire|N:mp
kamptozoaire||N:ms
kampuchéennes|kampuchéen|A:fp
kampuchéenne|kampuchéen|A:fs
kampuchéens|kampuchéen|A:mp
kampuchéen||A:ms
kanakes|kanak|A+z1:fp
kanakes|kanak|N+z1:fp
kanake|kanak|A+z1:fs
kanake|kanak|N+z1:fs
kanaks|kanak|A+z1:mp
kanaks|kanak|N+z1:mp
kanak||A+z1:ms
kanak||N+z1:ms
kanamycines|kanamycine|N:fp
kanamycine||N:fs
kana||N:ms:mp
kandjars|kandjar|N:mp
kandjar||N:ms
kangourous|kangourou|N+z1:mp
kangourou||N+z1:ms
kannara||N:ms
kanouris|kanouri|A:mp:fp
kanouri||A:ms:fs
kanouri||N:ms
kans|kan|N:mp
kantiennes|kantien|A+z2:fp
kantiennes|kantien|N+z2:fp
kantienne|kantien|A+z2:fs
kantienne|kantien|N+z2:fs
kantiens|kantien|A+z2:mp
kantiens|kantien|N+z2:mp
kantien||A+z2:ms
kantien||N+z2:ms
kantismes|kantisme|N+z2:mp
kantisme||N+z2:ms
kan||N:ms
kaoliangs|kaoliang|N:mp
kaoliang||N:ms
kaoliniques|kaolinique|A:mp:fp
kaolinique||A:ms:fs
kaolinisations|kaolinisation|N:fp
kaolinisation||N:fs
kaolinites|kaolinite|N:fp
kaolinite||N:fs
kaolinitiques|kaolinitique|A:mp:fp
kaolinitique||A:ms:fs
kaolins|kaolin|N+z2:mp
kaolin||N+z2:ms
kaons|kaon|N:mp
kaon||N:ms
kapokiers|kapokier|N:mp
kapokier||N:ms
kapoks|kapok|N+z2:mp
kapok||N+z2:ms
kaposiennes|kaposien|A:fp
kaposienne|kaposien|A:fs
kaposiens|kaposien|A:mp
kaposien||A:ms
kapos|kapo|N+z2:mp:fp
kapo||N+z2:ms:fs
kappa||N:ms:mp
karaculs|karacul|N:mp
karacul||N:ms
karaïsmes|karaïsme|N:mp
karaïsme||N:ms
karakuls|karakul|N:mp
karakul||N:ms
karaokés|karaoké|N+z2:mp
karaoké||N+z2:ms
karatékas|karatéka|N+z1:mp:fp
karatéka||N+z1:ms:fs
karatés|karaté|N+z1:mp
karaté||N+z1:ms
karbaux|karbau|N:mp
karbau||N:ms
karélianites|karélianite|N:fp
karélianite||N:fs
karités|karité|N:mp
karité||N:ms
karman||N:ms:mp
karma||N+z2:ms:mp
karpatiques|karpatique|A:mp:fp
karpatique||A:ms:fs
karstifications|karstification|N:fp
karstification||N:fs
karstiques|karstique|A:mp:fp
karstique||A:ms:fs
karsts|karst|N:mp
karst||N:ms
kartings|karting|N+z2:mp
karting||N+z2:ms
karts|kart|N+z2:mp
kart||N+z2:ms
karyokinèses|karyokinèse|N:fp
karyokinèse||N:fs
karyoschises|karyoschise|N:fp
karyoschise||N:fs
kasbahs|kasbah|N+z1:fp
kasbah||N+z1:fs
kascher||A+z1:ms:fs:mp:fp
kasher||A+z1:ms:fs:mp:fp
kaskavals|kaskaval|N+z2:mp
kaskaval||N+z2:ms
kasolites|kasolite|N:fp
kasolite||N:fs
kas|ka|N:mp
katals|katal|N:mp
katal||N:ms
kataphasies|kataphasie|N:fp
kataphasie||N:fs
katas|kata|N:mp
kata||N:ms
katchinas|katchina|N:mp
katchina||N:ms
katmanchés|katmanché|N:mp
katmanché||N:ms
kavas|kava|N:mp
kava||N:ms
kawas|kawa|N+z1:mp
kawas|kawa|N:mp
kawa||N+z1:ms
kawa||N:ms
kawi||N:ms
kayacs|kayac|N+z1:mp
kayac||N+z1:ms
kayakistes|kayakiste|N:mp:fp
kayakiste||N:ms:fs
kayaks|kayak|N+z1:mp
kayak||N+z1:ms
kazakhes|kazakh|A:fp
kazakhe|kazakh|A:fs
kazakho||PFX
kazakhs|kazakh|A:mp
kazakh||A:ms
kazakh||N:ms
ka||N:ms
kéas|kéa|N:mp
kéa||N:ms
kebabs|kebab|N+z2:mp
kebab||N+z2:ms
keels|keel|X:mp
keepsakes|keepsake|N:mp
keepsake||N:ms
keffiehs|keffieh|N+z2:mp
keffieh||N+z2:ms
kéfirs|kéfir|N:mp
kéfir||N:ms
keilhauites|keilhauite|N:fp
keilhauite||N:fs
kéloïdes|kéloïde|N:fp
kéloïde||N:fs
kélotomies|kélotomie|N:fp
kélotomie||N:fs
kelpies|kelpie|N:mp
kelpie||N:ms
kelvins|kelvin|N:mp
kelvin||A:ms:fs:mp:fp
kelvin||N:ms
kémalismes|kémalisme|N:mp
kémalisme||N:ms
kempites|kempite|N:fp
kempite||N:fs
kendos|kendo|N:mp
kendo||N:ms
kénophobies|kénophobie|N:fp
kénophobie||N:fs
kénotrons|kénotron|N:mp
kénotron||N:ms
kens|ken|N:mp
kentias|kentia|N:mp
kentia||N:ms
kentismes|kentisme|N:mp
kentisme||N:ms
kentomanies|kentomanie|N:fp
kentomanie||N:fs
kentrolites|kentrolite|N:fp
kentrolite||N:fs
kentrophylles|kentrophylle|N:mp
kentrophylle||N:ms
kentrotomies|kentrotomie|N:fp
kentrotomie||N:fs
kenyanes|kenyan|A+z2:fp
kenyane|kenyan|A+z2:fs
kenyans|kenyan|A+z2:mp
kenyan||A+z2:ms
kenyapithèques|kenyapithèque|N:mp
kenyapithèque||N:ms
ken||N:mp:ms
képhirs|képhir|N:mp
képhir||N:ms
képhyrs|képhyr|N:mp
képhyr||N:ms
képis|képi|N+z1:mp
képi||N+z1:ms
képlériennes|képlérien|A:fp
képlérienne|képlérien|A:fs
képlériens|képlérien|A:mp
képlérien||A:ms
kérabaux|kérabau|N:mp
kérabau||N:ms
kéraphylleuses|kéraphylleux|A:fp
kéraphylleuse|kéraphylleux|A:fs
kéraphylleux||A:ms:mp
kéraphyllocèles|kéraphyllocèle|N:mp
kéraphyllocèle||N:ms
kératalgies|kératalgie|N:fp
kératalgie||N:fs
kératectasies|kératectasie|N:fp
kératectasie||N:fs
kératectomies|kératectomie|N:fp
kératectomie||N:fs
kératines|kératine|N+z2:fp
kératine||N+z2:fs
kératinisations|kératinisation|N:fp
kératinisation||N:fs
kératinisées|kératinisé|A:fp
kératinisée|kératinisé|A:fs
kératinisés|kératinisé|A:mp
kératinisé||A:ms
kératinocytes|kératinocyte|N:mp
kératinocyte||N:ms
kératiques|kératique|A:mp:fp
kératique||A:ms:fs
kératites|kératite|N:fp
kératite||N:fs
kératocèles|kératocèle|N:fp
kératocèle||N:fs
kératocônes|kératocône|N:mp
kératocône||N:ms
kératoconjonctivites|kératoconjonctivite|N:fp
kératoconjonctivite||N:fs
kératodermies|kératodermie|N:fp
kératodermie||N:fs
kératoglobes|kératoglobe|N:mp
kératoglobe||N:ms
kératolyses|kératolyse|N:fp
kératolyse||N:fs
kératolytiques|kératolytique|A:mp:fp
kératolytiques|kératolytique|N:mp
kératolytique||A:ms:fs
kératolytique||N:ms
kératomalacies|kératomalacie|N:fp
kératomalacie||N:fs
kératomégalies|kératomégalie|N:fp
kératomégalie||N:fs
kératomes|kératome|N:mp
kératométries|kératométrie|N:fp
kératométrie||N:fs
kératome||N:ms
kératomileusis||N:ms:mp
kératomycoses|kératomycose|N:fp
kératomycose||N:fs
kératonyxis||N:fs:fp
kératopachométries|kératopachométrie|N:fp
kératopachométrie||N:fs
kératopathies|kératopathie|N:fp
kératopathie||N:fs
kératophakies|kératophakie|N:fp
kératophakie||N:fs
kératoplasties|kératoplastie|N:fp
kératoplastie||N:fs
kératoplastiques|kératoplastique|A:mp:fp
kératoplastiques|kératoplastique|N:mp
kératoplastique||A:ms:fs
kératoplastique||N:ms
kératoprothèses|kératoprothèse|N:fp
kératoprothèse||N:fs
kératoscopes|kératoscope|N:mp
kératoscope||N:ms
kératoscopies|kératoscopie|N:fp
kératoscopie||N:fs
kératoses|kératose|N:fp
kératose||N:fs
kératosiques|kératosique|A:mp:fp
kératosique||A:ms:fs
kératosis||N:fs:fp
kératotomes|kératotome|N:mp
kératotome||N:ms
kératotomies|kératotomie|N:fp
kératotomie||N:fs
kérato||PFX
kérauno||PFX
kerdomètres|kerdomètre|N:mp
kerdomètre||N:ms
kérions|kérion|N:mp
kérion||N:ms
kérithérapies|kérithérapie|N:fp
kérithérapie||N:fs
kerivoulas|kerivoula|N:fp
kerivoula||N:fs
kermel||N:ms
kermésites|kermésite|N:fp
kermésite||N:fs
kermesses|kermesse|N+z1:fp
kermesse||N+z1:fs
kermès||N:ms:mp
kernictères|kernictère|N:mp
kernictère||N:ms
kernites|kernite|N:fp
kernite||N:fs
kérogènes|kérogène|N:mp
kérogène||N:ms
kérosènes|kérosène|N+z2:mp
kérosène||N+z2:ms
kéroses|kérose|N:fp
kérose||N:fs
kerrias|kerria|N:mp
kerria||N:ms
kerries|kerrie|N:fp
kerrie||N:fs
kersantites|kersantite|N:fp
kersantite||N:fs
kerykes|keryke|N:mp
keryke||N:ms
kétansérines|kétansérine|N:fp
kétansérine||N:fs
ketchs|ketch|N:mp
ketchup||N+z1:ms:mp
ketch||N:ms
ketmies|ketmie|N:fp
ketmie||N:fs
kétophénylbutazones|kétophénylbutazone|N:fp
kétophénylbutazone||N:fs
kevlar||N:ms
keynesianismes|keynesianisme|N:mp
keynésianismes|keynésianisme|N:mp
keynesianisme||N:ms
keynésianisme||N:ms
keynesiennes|keynesien|A:fp
keynésiennes|keynésien|A:fp
keynésiennes|keynésien|N:fp
keynesienne|keynesien|A:fs
keynésienne|keynésien|A:fs
keynésienne|keynésien|N:fs
keynesiens|keynesien|A:mp
keynésiens|keynésien|A:mp
keynésiens|keynésien|N:mp
keynesien||A:ms
keynésien||A:ms
keynésien||N:ms
khaghans|khaghan|N:mp
khaghan||N:ms
khâgnes|khâgne|N+z2:fp
khâgneuses|khâgneux|A+z2:fp
khâgneuses|khâgneux|N+z2:fp
khâgneuse|khâgneux|A+z2:fs
khâgneuse|khâgneux|N+z2:fs
khâgneux||A+z2:ms:mp
khâgneux||N+z2:ms:mp
khâgne||N+z2:fs
khalifats|khalifat|N:mp
khalifat||N:ms
khalifes|khalife|N+z2:mp
khalife||N+z2:ms
khamsins|khamsin|N:mp
khamsin||N:ms
khamti||N:ms
khanats|khanat|N:mp
khanat||N:ms
khans|khan|N:mp
khan||N:ms
kharidjismes|kharidjisme|N:mp
khâridjismes|khâridjisme|N:mp
kharidjisme||N:ms
khâridjisme||N:ms
kharidjites|kharidjite|A:mp:fp
khâridjites|khâridjite|A:mp:fp
kharidjites|kharidjite|N:mp:fp
khâridjites|khâridjite|N:mp:fp
kharidjite||A:ms:fs
khâridjite||A:ms:fs
kharidjite||N:ms:fs
khâridjite||N:ms:fs
khasis|khasi|A:mp:fp
khasi||A:ms:fs
khasi||N:ms
khats|khat|N:mp
khat||N:ms
kha||N:ms
khédivales|khédival|A:fp
khédivale|khédival|A:fs
khédival||A:ms
khédivats|khédivat|N:mp
khédivat||N:ms
khédivaux|khédival|A:mp
khédives|khédive|N:mp
khédive||N:ms
khédiviales|khédivial|A:fp
khédiviale|khédivial|A:fs
khédivial||A:ms
khédiviats|khédiviat|N:mp
khédiviat||N:ms
khédiviaux|khédivial|A:mp
khellines|khelline|N:fp
khelline||N:fs
khi||N:ms:mp
khloéia||N:fp
khmères|khmer|A+z1:fp
khmère|khmer|A+z1:fs
khméro||PFX
khmers|khmer|A+z1:mp
khmer||A+z1:ms
khoin||N:ms
khoisan||A:ms:fs:mp:fp
khoisan||N:ms
khôls|khôl|N+z2:mp
khôl||N+z2:ms
khoums|khoum|N:mp
khoum||N:ms
kibboutzim|kibboutz|N+z1:mp
kibboutz||N+z1:ms:mp
kichenottes|kichenotte|N:fp
kichenotte||N:fs
kicks|kick|N:mp
kick||N:ms
kidnappages|kidnappage|N+z1:mp
kidnappage||N+z1:ms
kidnappeurs|kidnappeur|N+z1:mp
kidnappeur||N+z1:ms
kidnappeuses|kidnappeur|N+z1:fp
kidnappeuse|kidnappeur|N+z1:fs
kidnappings|kidnapping|N+z1:mp
kidnapping||N+z1:ms
kids|kid|N+z2:mp
kid||N+z2:ms
kief||N:ms
kieselguhrs|kieselguhr|N:mp
kieselguhr||N:ms
kieselgurs|kieselgur|N:mp
kieselgur||N:ms
kiesérites|kiesérite|N:fp
kiesérite||N:fs
kiff||N+z1:ms
kif||N+z1:ms
kikis|kiki|N+z1:mp
kiki||N+z1:ms
kikuyus|kikuyu|A:mp:fp
kikuyu||A:ms:fs
kikuyu||N:ms
kilims|kilim|N+z2:mp
kilim||N+z2:ms
killers|killer|X+z2:mp
kilo-octets|kilo-octet|N+NN:mp
kiloampèremètres|kiloampèremètre|N:mp
kiloampèremètre||N:ms
kiloampères|kiloampère|N:mp
kiloampère||N:ms
kilobases|kilobase|N:mp
kilobase||N:ms
kilobauds|kilobaud|N+z2:mp
kilobaud||N+z2:ms
kilobits|kilobit|N+z2:mp
kilobit||N+z2:ms
kilocalories|kilocalorie|N+z2:fp
kilocalorie||N+z2:fs
kilocycles|kilocycle|N:mp
kilocycle||N:ms
kilofrancs|kilofranc|N+z2:mp
kilofranc||N+z2:ms
kilogauss||N+z2:ms:mp
kilogrammes|kilogramme|N+z1:mp
kilogrammètres|kilogrammètre|N:mp
kilogrammètre||N:ms
kilogramme||N+z1:ms
kilohertz||N+z2:ms:mp
kilojoules|kilojoule|N+z2:mp
kilojoule||N+z2:ms
kilolitres|kilolitre|N+z2:mp
kilolitre||N+z2:ms
kilométrages|kilométrage|N+z1:mp
kilométrage||N+z1:ms
kilomètre-heure||N+NN+z1:ms
kilomètres-heure|kilomètre-heure|N+NN+z1:mp
kilomètres|kilomètre|N+z1:mp
kilomètre||N+z1:ms
kilométriquement||ADV
kilométriques|kilométrique|A+z1:mp:fp
kilométrique||A+z1:ms:fs
kilomots|kilomot|N+z2:mp
kilomot||N+z2:ms
kilonewtons|kilonewton|N+z2:mp
kilonewton||N+z2:ms
kilopascals|kilopascal|N+z2:mp
kilopascal||N+z2:ms
kilos|kilo|N+z1:mp
kilotonnes|kilotonne|N:fp
kilotonne||N:fs
kilotonniques|kilotonnique|A:mp:fp
kilotonnique||A:ms:fs
kilovolts|kilovolt|N:mp
kilovolt||N:ms
kilowatt-heure||N+NN+z1:ms
kilowattheures|kilowattheure|N+z2:mp
kilowattheure||N+z2:ms
kilowatts|kilowatt|N+z2:mp
kilowatt||N+z2:ms
kilo||N+z1:ms
kilo||PFX+z1
kils|kil|N:mp
kilts|kilt|N+z2:mp
kilt||N+z2:ms
kil||N:ms
kimbanguismes|kimbanguisme|N:mp
kimbanguisme||N:ms
kimberlites|kimberlite|N:fp
kimberlite||N:fs
kimonos|kimono|N+z1:mp
kimono||A+z1:ms:fs:mp:fp
kimono||N+z1:ms
kinases|kinase|N:fp
kinase||N:fs
kinas|kina|N:mp
kina||N:ms
kincajous|kincajou|N:mp
kincajou||N:ms
kinébalnéothérapies|kinébalnéothérapie|N:fp
kinébalnéothérapie||N:fs
kinédensigraphies|kinédensigraphie|N:fp
kinédensigraphie||N:fs
kinescopes|kinescope|N:mp
kinescope||N:ms
kinescopies|kinescopie|N:fp
kinescopie||N:fs
kinésies|kinésie|N+z2:fp
kinésie||N+z2:fs
kinésimètres|kinésimètre|N:mp
kinésimètre||N:ms
kinésimétries|kinésimétrie|N:fp
kinésimétrie||N:fs
kinésimétriques|kinésimétrique|A:mp:fp
kinésimétrique||A:ms:fs
kinésiques|kinésique|A+z2:mp:fp
kinésique||A+z2:ms:fs
kinésithérapeutes|kinésithérapeute|N+Profession:fp:mp
kinésithérapeutes|kinésithérapeute|N+z1:mp:fp
kinésithérapeute||N+z1:ms:fs
kinésithérapies|kinésithérapie|N+z1:fp
kinésithérapie||N+z1:fs
kinésithérapiques|kinésithérapique|A:mp:fp
kinésithérapique||A:ms:fs
kinésodiques|kinésodique|A:mp:fp
kinésodique||A:ms:fs
kinesthésies|kinesthésie|N:fp
kinesthésie||N:fs
kinesthésiomètres|kinesthésiomètre|N:mp
kinesthésiomètre||N:ms
kinesthésiques|kinesthésique|A:mp:fp
kinesthésique||A:ms:fs
kinés|kiné|N+Profession:fp:mp
kinés|kiné|N+z1:mp:fp
kinétoscopes|kinétoscope|N:mp
kinétoscope||N:ms
kiné||N+Profession:fs:ms
kiné||N+z1:ms:fs
kiné||PFX
kings|king|N+z2:mp
king||N+z2:ms
kininases|kininase|N:fp
kininase||N:fs
kinines|kinine|N:fp
kinine||N:fs
kininogènes|kininogène|N:mp
kininogène||N:ms
kinkajous|kinkajou|N:mp
kinkajou||N:ms
kinorhynques|kinorhynque|N:mp
kinorhynque||N:ms
kinosterninés|kinosterniné|N:mp
kinosterniné||N:ms
kinzigites|kinzigite|N:fp
kinzigite||N:fs
kiosques|kiosque|N+z1:mp
kiosque||N+z1:ms
kiosquières|kiosquier|N:fp
kiosquière|kiosquier|N:fs
kiosquiers|kiosquier|N:mp
kiosquier||N:ms
kippas|kippa|N+z2:fp
kippa||N+z2:fs
kippers|kipper|N:mp
kipper||N:ms
kips|kip|N:mp
kip||N:ms
kirghizes|kirghiz|A:fp
kirghize|kirghiz|A:fs
kirghize||N:ms
kirghizo||PFX
kirghiz||A:ms:mp
kirghiz||N:ms
kiris|kiri|X:mp
kirsch||N+z1:ms:mp
kirs|kir|N+z2:mp
kir||N+z2:ms
kitchenettes|kitchenette|N+z1:fp
kitchenette||N+z1:fs
kitols|kitol|N:mp
kitol||N:ms
kitsch||A+z1:ms:fs:mp:fp
kitsch||N+z1:ms:mp
kits|kit|N+z1:mp
kit||N+z1:ms
kiwis|kiwi|N+z1:mp
kiwi||N+z1:ms
klaprothites|klaprothite|N:fp
klaprothite||N:fs
klaxons|klaxon|N+z1:mp
klaxon||N+z1:ms
klebsiellas|klebsiella|N:fp
klebsiella||N:fs
klebs||N+z1:ms:mp
kleenex||N:ms:mp
klephtes|klephte|N:mp:fp
klephte||N:ms:fs
kleptomanes|kleptomane|A+z1:mp:fp
kleptomanes|kleptomane|N+z1:mp:fp
kleptomane||A+z1:ms:fs
kleptomane||N+z1:ms:fs
kleptomanies|kleptomanie|N+z2:fp
kleptomanie||N+z2:fs
klingérites|klingérite|N:fp
klingérite||N:fs
klippes|klippe|N:fp
klippe||N:fs
klystrons|klystron|N:mp
klystron||N:ms
knerias|kneria|N:mp
kneria||N:ms
knickerbockers|knickerbocker|N:mp
knickerbockers||N:mp
knickerbocker||N:ms
knickers|knicker|N+z2:mp
knickers||N:mp
knicker||N+z2:ms
kniphofias|kniphofia|N:mp
kniphofia||N:ms
knock-down||N+XX:ms:mp
knock-out||N+XX:ms:mp
knouts|knout|N:mp
knout||N:ms
know-how||N+XX:ms
koalas|koala|N+z1:mp
koala||N+z1:ms
kobellites|kobellite|N:fp
kobellite||N:fs
kobez||N:ms:mp
kobolds|kobold|N:mp
kobold||N:ms
kobos|kobo|N:mp
kobo||N:ms
kobs|kob|N:mp
kob||N:ms
kodachrome||N+z2:ms
kodacolor||N+z2:ms
kodaks|kodak|N+z2:mp
kodak||N+z2:ms
kodiaks|kodiak|N:mp
kodiak||N:ms
koechlinites|koechlinite|N:fp
koechlinite||N:fs
koenenias|koenenia|N:mp
koenenia||N:ms
koettigites|koettigite|N:fp
koettigite||N:fs
koheuls|koheul|N+z2:mp
koheul||N+z2:ms
kohols|kohol|N+z2:mp
kohol||N+z2:ms
koïlonychies|koïlonychie|N:fp
koïlonychie||N:fs
koinès|koinè|N:fp
koinè||N:fs
kolas|kola|N+z2:mp
kolatiers|kolatier|N:mp
kolatier||N:ms
kolatines|kolatine|N:fp
kolatine||N:fs
kolatismes|kolatisme|N:mp
kolatisme||N:ms
kola||N+z2:ms
koléines|koléine|N:fp
koléine||N:fs
kolhkoziennes|kolhkozien|A:fp
kolhkoziennes|kolhkozien|N:fp
kolhkozienne|kolhkozien|A:fs
kolhkozienne|kolhkozien|N:fs
kolhkoziens|kolhkozien|A:mp
kolhkoziens|kolhkozien|N:mp
kolhkozien||A:ms
kolhkozien||N:ms
kolinskis|kolinski|N:mp
kolinski||N:ms
kolkhozes|kolkhoze|N+z2:mp
kolkhoze||N+z2:ms
kolkhoziennes|kolkhozien|A:fp
kolkhoziennes|kolkhozien|N:fp
kolkhozienne|kolkhozien|A:fs
kolkhozienne|kolkhozien|N:fs
kolkhoziens|kolkhozien|A:mp
kolkhoziens|kolkhozien|N:mp
kolkhozien||A:ms
kolkhozien||N:ms
kolkhoz||N+z2:ms:mp
kommandanturs|kommandantur|N:fp
kommandantur||N:fs
kondos|kondo|N:mp
kondo||N:ms
kongo||N:ms
koninckites|koninckite|N:fp
koninckite||N:fs
konioses|koniose|N:fp
koniose||N:fs
konzerns|konzern|N:mp
konzern||N:ms
kookaburras|kookaburra|N:mp
kookaburra||N:ms
kopecks|kopeck|N+z1:mp
kopeck||N+z1:ms
kopeks|kopek|N:mp
kopek||N:ms
kophémies|kophémie|N:fp
kophémie||N:fs
kopiopies|kopiopie|N:fp
kopiopie||N:fs
koramius||N:ms:mp
korês|korê|N:fp
korê||N:fs
kornélites|kornélite|N:fp
kornélite||N:fs
kornérupines|kornérupine|N:fp
kornérupine||N:fs
korriganes|korrigan|N:fp
korrigane|korrigan|N:fs
korrigans|korrigan|N:mp
korrigan||N:ms
korthals||N:ms:mp
kosovares|kosovar|A+z2:fp
kosovare|kosovar|A+z2:fs
kosovars|kosovar|A+z2:mp
kosovar||A+z2:ms
kotos|koto|N:mp
koto||N:ms
köttigites|köttigite|N:fp
köttigite||N:fs
koubbas|koubba|N:fp
koubba||N:fs
kouglofs|kouglof|N+z2:mp
kouglof||N+z2:ms
koulaks|koulak|N:mp
koulak||N:ms
koulibiacs|koulibiac|N:mp
koulibiac||N:ms
koumis||N:ms
koumys||N:ms
koupreys|kouprey|N:mp
kouprey||N:ms
kourganes|kourgane|N:mp
kourgane||N:ms
kouriatries|kouriatrie|N:fp
kouriatrie||N:fs
kouros||N:ms:mp
koustars|koustar|N:mp
koustar||N:ms
koweitiennes|koweitien|A+z1:fp
koweïtiennes|koweïtien|A+z1:fp
koweitienne|koweitien|A+z1:fs
koweïtienne|koweïtien|A+z1:fs
koweitiens|koweitien|A+z1:mp
koweïtiens|koweïtien|A+z1:mp
koweitien||A+z1:ms
koweïtien||A+z1:ms
kraals|kraal|N:mp
kraal||N:ms
krachs|krach|N+z1:mp
krach||N+z1:ms
krafts|kraft|N+z1:mp
kraft||A+z1:ms:fs:mp:fp
kraft||N+z1:ms
kraits|krait|N:mp
krait||N:ms
krakens|kraken|N:mp
kraken||N:ms
kraks|krak|N:mp
krak||N:ms
krals|kral|N:mp
kral||N:ms
krameries|kramerie|N:fp
kramerie||N:fs
krausites|krausite|N:fp
krausite||N:fs
krémersites|krémersite|N:fp
krémersite||N:fs
kremlinologies|kremlinologie|N+z2:fp
kremlinologie||N+z2:fs
kremlinologues|kremlinologue|N+z2:mp:fp
kremlinologue||N+z2:ms:fs
kremlins|kremlin|N+z1:mp
kremlin||N+z1:ms
krennérites|krennérite|N:fp
krennérite||N:fs
kreuzers|kreuzer|N:mp
kreuzer||N:ms
krills|krill|N:mp
krill||N:ms
kriss||N+z2:ms:mp
kroehkhnites|kroehkhnite|N:fp
kroehkhnite||N:fs
kröhnkites|kröhnkite|N:fp
kröhnkite||N:fs
kronprinz||N:ms:mp
kroppers|kropper|N:mp
kropper||N:ms
kroumirs|kroumir|N:mp
kroumir||N:ms
krouomanies|krouomanie|N:fp
krouomanie||N:fs
krümper||N:mp
krypton||N+z2:ms
kryptopterus||N:ms:mp
ksar||N:ms
ksi||N:ms:mp
ksour|ksar|N:mp
kubisagaris|kubisagari|N:mp
kubisagari||N:ms
kufiques|kufique|A:mp:fp
kufiques|kufique|N:mp
kufique||A:ms:fs
kufique||N:ms
kugelhofs|kugelhof|N:mp
kugelhof||N:ms
kuhlis|kuhli|N:mp
kuhli||N:ms
kumbocéphalies|kumbocéphalie|N:fp
kumbocéphalie||N:fs
kummels|kummel|N:mp
kummel||N:ms
kumquats|kumquat|N:mp
kumquat||N:ms
kundalini||N:fs
kung-fu||N+XX:ms
kupffériennes|kupfférien|A:fp
kupfférienne|kupfférien|A:fs
kupffériens|kupfférien|A:mp
kupfférien||A:ms
kupfféromes|kupfférome|N:mp
kupfférome||N:ms
kurdes|kurde|A+z1:mp:fp
kurde||A+z1:ms:fs
kurde||N+z1:ms
kurus|kuru|N:mp
kurus||N:ms:mp
kuru||N:ms
kuvasz||N:ms:mp
kvas||N:ms:mp
kwachas|kwacha|N:mp
kwacha||N:ms
kwanzas|kwanza|N:mp
kwanza||N:ms
kwashiorkors|kwashiorkor|N:mp
kwashiorkor||N:ms
kwas||N:ms:mp
kyanites|kyanite|N:fp
kyanite||N:fs
kyats|kyat|N:mp
kyat||N:ms
kymographes|kymographe|N:mp
kymographe||N:ms
kymographies|kymographie|N:fp
kymographie||N:fs
kymriques|kymrique|A:mp:fp
kymriques|kymrique|N:mp
kymrique||A:ms:fs
kymrique||N:ms
kyrielles|kyrielle|N+z1:fp
kyrielle||N+z1:fs
kyrie||N:ms:mp
kystadénomes|kystadénome|N:mp
kystadénome||N:ms
kystectomies|kystectomie|N:fp
kystectomie||N:fs
kystes|kyste|N+z1:mp
kyste||N+z1:ms
kystiques|kystique|A:mp:fp
kystique||A:ms:fs
kystitomes|kystitome|N:mp
kystitome||N:ms
kystitomies|kystitomie|N:fp
kystitomie||N:fs
kystoentérostomies|kystoentérostomie|N:fp
kystoentérostomie||N:fs
kystographies|kystographie|N:fp
kystographie||N:fs
kystomes|kystome|N:mp
kystome||N:ms
kystoscopies|kystoscopie|N:fp
kystoscopie||N:fs
kystotomies|kystotomie|N:fp
kystotomie||N:fs
kysto||PFX
kyudo||N:ms:mp
k||N+z1:ms:mp
